CIP;Nom;Septembre;Octobre;Novembre
34009 3016920 9;AC ALEND MYL PH 70MG/5600UI CPR P;3;2;1
34009 3987225 4;ACARBOSE BGR 50MG CPR PLQ/90;2;0;0
34009 3058193 3;ACARBOSE ZENTIV 100MG PLQ/90;1;1;1
34009 3658390 0;ACEBUTOL SDZ 200MG CPR ENR PLQ/;0;1;3
34009 3530744 6;ACEBUTOLOL BIOGARAN 200MG PEL;6;0;0
34009 3502073 4;ACEBUTOLOL MER 200MG PELL B/3;0;0;0
34009 3730124 4;ACEBUTOLOL MYL 200MG PLQ/90;2;0;2
34009 3727984 0;ACECLOFENAC MER 100MG PLQ/30;1;2;1
34009 3460570 3;ACICLOVIR MYL 200MG CPR B/25;0;5;5
34009 3463887 9;ACICLOVIR MYLA 800MG CPR BT 35;0;0;5
34009 2792005 9;ACID.ALENDRONIQ.ARW 70MG CPR12;0;3;0
34009 3708768 1;ACIDE ALENDRONIQUE 70MG BIOG CP;2;0;1
34009 3743606 9;ACIDE ALENDRONIQUE 70MG MYLA;0;0;0
34009 3576605 2;ACIDE FOLIQ CCD 5MG PLQ/20;6;0;0
34009 3016551 5;ACIDE FOLIQUE 5MG CCD CPR 90;3;0;1
34009 3021386 5;ACIDE FOLIQUE 5MG MYLAN CPR 20;87;93;87
34009 4160284 9;ACIDE FOLIQUE ARW 5MG CPR BT20;0;0;0
34009 3887570 6;ACIDE FUSIDIQUE MYLAN 2% T/15;16;15;5
34009 3743629 8;ACIDE MYL 70MG PLQ/12;1;1;0
34009 2233398 4;ACIDE URSODESO MYLA250MG CPR20;0;7;0
34009 4924327 3;ADAPALENE 0,1% TEVA CREME TUB 3;0;0;0
34009 3016916 2;ALENDRON/VIT D3 70MG/2 800UI MYL 4;2;0;0
34009 3704523 0;ALFUZO MYL LP 10MG CPR LP FL/30;40;37;42
34009 3732100 6;ALFUZOSINE BGR 10MG PELP PLQ/;1;0;0
34009 3704552 0;ALFUZOSINE LP 10MG SANDOZ CPR 3;12;8;12
34009 3511103 6;ALFUZOSINE WINTHROP 10MG B/30;-1;2;6
34009 3018840 8;ALGINATE/BICARB EG BUV S.24;0;0;5
34009 2790992 4;ALGINATE/BICARB NA MYLA SAC 24;111;119;133
34009 3020879 3;ALGINATE/BICARB SOD ARROW SACH;0;10;60
34009 3002694 6;ALGINATE/BICARB SOD BGR SACH 24;0;0;31
34009 3019043 2;ALGINATE/BICARB SOD CRIST SACH 2;4;0;24
34009 2792749 2;ALGINATE/BICARB SOD ZTV SACH 24;0;0;0
34009 3454380 7;ALLOPURINOL MYL 100MG B/28;9;40;21
34009 3454397 5;ALLOPURINOL MYL 200MG B/28;7;11;6
34009 3454405 7;ALLOPURINOL MYL 300MG B/28;5;1;6
34009 3002137 8;ALMOTRIPTAN 12,5MG EG CPR 12;1;1;1
34009 3642905 5;ALPRAZOLAM BGR 0,50MG CPR SEC P;4;10;6
34009 3483766 1;ALPRAZOLAM MYL 0,25MG B/30;65;62;56
34009 3483252 9;ALPRAZOLAM MYL 0,50MG B/30;42;44;47
34009 3519205 9;AMILOR HYD TEVA 5MG/50MG CPR B/3;0;0;0
34009 3017879 9;AMIODARONE 200MG ARROW CPR SE;2;0;0
34009 3537752 4;AMIODARONE 200MG CRISTERS CPR;-3;0;0
34009 3537769 2;AMIODARONE BGR 200MG CPR SEC 2;0;1;0
34009 3454440 8;AMIODARONE MYLA 200MG CPR 30;24;30;13
34009 2797646 9;AMISULPRIDE 100MG MYLAN CPR SEC;2;6;9
34009 2797741 1;AMISULPRIDE 200MG MYLAN CPR SEC;1;1;1
34009 3797737 1;AMLO BIOGARAN 10MG GEL PLQ/30;0;0;0
34009 3021237 0;AMLODIP/VALS.ACC 10/160MG CP90;0;2;3
34009 3013170 1;AMLODIP/VALS.ARW 5/160MG CPR30;0;2;0
34009 3013164 0;AMLODIP/VALS.ARW 5/80MG CPR 30;1;5;0
34009 3013166 4;AMLODIP/VALS.ARW 5/80MG CPR 90;0;0;1
34009 3013433 7;AMLODIP/VALS.BGA 10/160MG CP90;0;3;1
34009 3025301 4;AMLODIP/VALS.TVS 5/160MG CPR30;0;1;0
34009 3815062 9;AMLODIPINE EG 5MG GELU BT90;1;0;0
34009 3744066 0;AMLODIPINE MER 10MG PLQ/30;37;28;21
34009 3744072 1;AMLODIPINE MER 10MG PLQ/90;21;13;12
34009 3743960 2;AMLODIPINE MER 5MG GEL PLQ/30;51;32;27
34009 3743983 1;AMLODIPINE MER 5MG GEL PLQ/90;25;22;14
34009 3784545 8;AMLODIPINE SDZ 10MG GELU BT30;0;0;4
34009 3784410 9;AMLODIPINE SDZ 5MG GELU BT90;0;0;6
34009 3017841 6;AMLODIPINE/VALSA 10/160MG EG 30;1;0;1
34009 3005874 9;AMLODIPINE/VALSA 10/160MG MYL 30;5;9;4
34009 3013643 0;AMLODIPINE/VALSA 10/160MG SDZ 30;1;0;3
34009 3013646 1;AMLODIPINE/VALSA 10/160MG SDZ 90;4;0;1
34009 3005873 2;AMLODIPINE/VALSA 5/160MG MYL 30X;0;3;5
34009 3005876 3;AMLODIPINE/VALSA 5/160MG MYL 90X;0;2;2
34009 3013637 9;AMLODIPINE/VALSA 5/160MG SDZ 30;1;0;0
34009 3013638 6;AMLODIPINE/VALSA 5/160MG SDZ 90;2;0;0
34009 3008868 5;AMLODIPINE/VALSA 5/160MG ZTV 30;0;0;0
34009 3005872 5;AMLODIPINE/VALSA 5/80MG MYL 30X1;3;0;0
34009 3005875 6;AMLODIPINE/VALSA 5/80MG MYL 90X1;1;0;3
34009 3013626 3;AMLODIPINE/VALSA 5/80MG SDZ 30;0;1;0
34009 4981495 4;AMOROLFINE 5% MYLAN;17;12;15
34009 3608794 1;AMOX/AC CLAV MYL B/16;0;13;4
34009 3608802 3;AMOX/AC CLAV MYL B/24;66;48;44
34009 3656238 7;AMOX/AC CLAV MYL SACH-D/12;21;21;7
34009 3656221 9;AMOX/AC CLAV MYL SACH-DOS/8;13;7;4
34009 3533754 2;AMOX/AC CLAV ZENT LAB 500MG/62,5;0;0;20
34009 3594862 5;AMOX/AC MER 100/12,5 ENF FL;14;12;2
34009 3602722 0;AMOX/AC.CLAV ZYD 100MG ENF60ML;0;0;0
34009 3533895 2;AMOXICIL/CLAV 1G/125MG ZTV SACH 1;0;0;15
34009 3533872 3;AMOXICIL/CLAV 1G/125MG ZTV SACH 8;0;0;33
34009 3656296 7;AMOXICIL/CLAV 500/62,5MG ARW CPR;0;0;0
34009 3535575 1;AMOXICIL/CLAV ENF ZTV S/BUV 60ML;0;0;5
34009 3597984 1;AMOXICILLINE 1G ARROW CPR DISP14;0;0;0
34009 3007459 6;AMOXICILLINE 1G EG CPR DISPERS 14;0;0;0
34009 3013715 4;AMOXICILLINE 1G MYLAN CPR DISP 14;0;0;0
34009 3013714 7;AMOXICILLINE 1G MYLAN CPR DISP 6;103;100;94
34009 3031365 7;AMOXICILLINE 1G VIATRIS CPR DISP14;79;65;95
34009 3576580 2;AMOXICILLINE 250MG ARROW PDR 60;7;3;0
34009 2792850 5;AMOXICILLINE 250MG ZTV PDR 60ML;0;0;12
34009 3491317 4;AMOXICILLINE 500 MYLAN GEL B/12;81;69;33
34009 2793772 9;AMOXICILLINE 500MG ARROW GEL 12;0;0;0
34009 2792933 5;AMOXICILLINE 500MG ZTV GELULE 12;0;0;10
34009 2792838 3;AMOXICILLINE 500MG ZTV PDR 60ML;0;0;7
34009 3028041 6;AMOXICILLINE 500MG/5ML VTS PDR FL;0;0;0
34009 3525200 5;AMOXICILLINE MYLP 125MG5ML PDR;2;0;0
34009 3525192 3;AMOXICILLINE MYLP 250MG5ML PDR;15;27;11
34009 3525186 2;AMOXICILLINE QUAL 500MG/5ML 3;40;51;39
34009 3525217 3;AMOXICILLINE ZYD 500MG BUV60ML;0;0;9
34009 3598535 4;ANASTROZ MYL 1MG CPR PELL PLQ/9;0;1;0
34009 3843561 0;ANASTROZOLE MYLAN 1MG PLQ/30;2;2;1
34009 3686363 7;ANESDERM GE 5% CR T/5G;17;24;17
34009 4162811 5;ANTALNOX GE 550MG CPR BT 16;16;3;13
34009 3013258 6;APREPITANT 125MG+80MG MYL GEL 1;0;0;0
34009 3915668 2;AQUAREST 0,2% UNID/60;0;4;0
34009 3005969 2;ARIPIPRAZ MYL PH 10MG CPR PLQ/28;6;2;5
34009 3005970 8;ARIPIPRAZ MYL PH 15MG CPR PLQ/28;0;0;2
34009 3005968 5;ARIPIPRAZ MYL PH 5MG CPR PLQ/28;0;0;3
34009 3002365 5;ARIPIPRAZ SDZ 15MG CPR PLQ/28;3;3;3
34009 3008375 8;ARIPIPRAZOLE 10MG CRISTERS CPR 2;1;0;0
34009 3008379 6;ARIPIPRAZOLE 15MG CRISTERS CPR 2;0;0;0
34009 3016547 8;ARIPIPRAZOLE 1MG/ML ARROW SOL15;0;0;0
34009 3002363 1;ARIPIPRAZOLE SDZ 5MG CPR BT28;1;1;0
34009 3002388 4;ARIPIPRAZOLE ZEN 5MG CPR BT28;0;2;0
34009 3557565 4;ATENOLOL 100 MYL CPR 30;6;7;9
34009 3729919 0;ATENOLOL MER 50MG PESE PLAQ/9;8;0;3
34009 3557513 5;ATENOLOL MYL 50MG CPR PLAQ/30;8;9;1
34009 3008009 2;ATORVAST MYL 10MG CPR PELL PLQ;0;0;0
34009 3008011 5;ATORVAST MYL 20MG CPR PELL PLQ;4;0;0
34009 3008012 2;ATORVAST MYL 40MG CPR PELL PLQ;20;10;17
34009 3008014 6;ATORVAST MYL 80MG CPR PELL PLQ;0;0;0
34009 4153054 8;ATORVAST SDZ 10MG CPR PELL PLQ/3;10;21;11
34009 3018309 0;ATORVASTATINE 10MG BGR CPR 30;0;2;0
34009 3019658 8;ATORVASTATINE 10MG CRISTERS CP;0;0;0
34009 4153077 7;ATORVASTATINE 10MG SDZ CPR 90;9;10;12
34009 3018305 2;ATORVASTATINE 20MG BGR CPR.30;1;1;0
34009 4153166 8;ATORVASTATINE 20MG SDZ CPR SEC;30;25;19
34009 3018313 7;ATORVASTATINE 40MG BGR CPR 30;5;0;3
34009 3019745 5;ATORVASTATINE 40MG CRISTERS CP;1;0;0
34009 3017792 1;ATORVASTATINE ARG 10MG CPR B BT;7;1;0
34009 3017791 4;ATORVASTATINE ARW 10MG CPR B30;0;1;1
34009 3017815 7;ATORVASTATINE ARW 20MG CPR B BT;0;0;8
34009 3011244 1;ATORVASTATINE ARW 40MG CPR B BT;4;0;1
34009 3011248 9;ATORVASTATINE ARW 80MG CPR B30;1;0;0
34009 3011250 2;ATORVASTATINE ARW 80MG CPR BT9;0;0;1
34009 3005030 9;ATORVASTATINE EGL 80MG CPR B30;0;0;0
34009 3008008 5;ATORVASTATINE MYLA 10MG CPR 30;25;1;9
34009 3008010 8;ATORVASTATINE MYLA 20MG CPR 30;0;0;4
34009 4153189 7;ATORVASTATINE SDZ 20MG CPR B90;1;8;8
34009 4153261 0;ATORVASTATINE SDZ 40MG CPR B30;0;6;10
34009 4153284 9;ATORVASTATINE SDZ 40MG CPR B90;5;4;2
34009 4938973 5;ATORVASTATINE SDZ 80MG CPR B30;0;3;4
34009 4939091 5;ATORVASTATINE SDZ 80MG CPR B90;1;1;0
34009 3030543 0;ATORVASTATINE TVC 10MG CPR90DU;1;6;2
34009 3012440 6;ATORVASTATINE ZEN 20MG CPR B90;1;0;0
34009 3014535 7;ATORVASTATINE ZYD 20MG CPR B90;10;0;0
34009 3545131 6;AZATHIOPRINE MER CPR PELL B/1;4;3;3
34009 3745999 0;AZITHROMYCINE 250MG EVOLUGEN C;0;0;0
34009 3794578 3;AZITHROMYCINE MER 250MG PLQ/6;28;48;41
34009 3030261 3;BACLOFENE BGA 10MG CPR BT30;0;0;8
34009 3030487 7;BACLOFENE VIA 10MG CPR BT30;0;0;0
34009 3674319 9;BACLOFENE WINTHROP 10MG PLQ/3;5;2;0
34009 3017287 2;BETAHISTINE 24MG CRISTERS CPR;1;0;0
34009 4189856 3;BETAHISTINE 24MG MYLAN CPR;6;14;6
34009 3488947 9;BETAHISTINE 8MG MYLAN CPR 90;1;1;0
34009 3894707 6;BETAMET ARRW 0,05% S BUVGTE FL/3;11;16;19
34009 3887788 5;BETAMET ARRW 2MG CPR DISE FL/20;2;2;1
34009 3005595 3;BETAMET BGR 0,05% CR T/30G;65;90;57
34009 3894713 7;BETAMET EG 0,05% S BUVGTE FL/30M;1;0;0
34009 3887541 6;BETAMETHASONE BIOG 2MG CPR D20;2;1;0
34009 3887759 5;BETAMETHASONE WINTHROP FL/20;2;0;0
34009 2737911 6;BETAXOLOL VIA 20MG CPR BT90;0;0;0
34009 3023682 6;BILASTINE 20MG EG CPR 30;2;1;0
34009 3023354 2;BILASTINE 20MG VIATRIS CPR 30;56;74;61
34009 3010768 3;BIMAT/TIMO 0,3MG+5MG/ML VTS COL3;2;0;3
34009 3008882 1;BIMATOPROST 0,1MG/ML MYL P COL 3;1;10;1
34009 3020096 4;BISOPROL/HYD.ARL 10/6,25 CPR90;1;0;0
34009 3018357 1;BISOPROLOL 1,25MG VTS CPR 90X1;15;12;11
34009 3018356 4;BISOPROLOL 1,25MG VTS CPR SEC 30;18;15;23
34009 3019952 7;BISOPROLOL 10MG VIATRIS CPR SEC;8;2;5
34009 3018442 4;BISOPROLOL 10MG VTS CPR SEC 90X;0;0;0
34009 3909998 9;BISOPROLOL 2,5MG SANDOZ CPR SEC;0;1;1
34009 4175185 1;BISOPROLOL 2,5MG TEVA CPR SEC 90;0;0;1
34009 3018374 8;BISOPROLOL 2,5MG VTS CPR SEC 30X;41;26;18
34009 3018375 5;BISOPROLOL 2,5MG VTS CPR SEC 90X;14;18;18
34009 3018396 0;BISOPROLOL 3,75MG VTS CPR SEC 30;0;0;0
34009 3018405 9;BISOPROLOL 5MG VTS CPR SEC 30X1;21;6;10
34009 3018406 6;BISOPROLOL 5MG VTS CPR SEC 90X1;9;9;3
34009 3018431 8;BISOPROLOL 7,5MG VTS CPR SEC 30X;0;0;1
34009 2234736 3;BISOPROLOL HYD MYLP10MG CPR90;0;1;1
34009 3008055 9;BISOPROLOL QVL 3,75MG CPR BT90;0;0;1
34009 3910180 4;BISOPROLOL SDZ 7,5MG CPR BT30;1;0;0
34009 4178048 6;BORAX/AC ZENTIVA S OPH UNID/2;0;0;2
34009 3022807 4;BORAX/AC.BORIQUE EG OPH 5ML 20;0;0;0
34009 3019064 7;BORAX/AC.BORIQUE MYL SOL OPH 5M;22;31;14
34009 3895842 3;BRIMONIDINE MYL 0,2% S 1FL/5M;1;2;6
34009 3019930 5;BRINZOL/TIMOLOL 10/5MG MYL COL5M;0;2;0
34009 3003288 6;BRINZOLAM MYL 10MG/ML COLLYR SU;0;1;0
34009 3610673 4;BROMAZEPAM ARW 6MG CPR FL30;0;4;3
34009 3488350 7;BROMAZEPAM MER CPR QSEC B/30;7;3;7
34009 3988874 3;BUDESON SDZ 64AG/DOSE SUSP PVN;6;8;7
34009 2209299 7;BUDESONIDE MYLA 1MG SUSP D20;1;0;1
34009 3705043 2;BUPRENOR MYL 0,4MG CPR SUBL PLQ;0;0;16
34009 3887015 2;BUPRENORPHINE 0,4MG BIOGARAN C;28;0;28
34009 3716271 5;BUPRENORPHINE 2MG ARROW CPR 7;12;12;12
34009 3715722 3;BUPRENORPHINE ARW 8MG CPR BT7;2;0;0
34009 3704977 1;BUPRENORPHINE MYL 8MG PLQ/7;0;0;4
34009 3887050 3;BUPRENORPHINE SDZ 0,4MG CPR 7;16;16;0
34009 3480265 2;BUSPIRONE MYL 10MG CPR SEC PLQ/;5;2;0
34009 3766553 7;BUSPIRONE SDZ 10MG CPR SEC PLQ/;0;3;3
34009 3019116 3;CANDAZOL 300MG OV 1;9;10;6
34009 4156489 5;CANDES BGR 16MG CPR SEC PLQ/30;0;0;0
34009 4159387 1;CANDES MYL PH 16MG PLQ/30;2;6;9
34009 4159536 3;CANDES MYL PH 32MG CPR SEC PLQ/;2;2;1
34009 4159105 1;CANDES MYL PH 4MG PLQ/30;1;2;4
34009 4159252 2;CANDES MYL PH 8MG PLQ/30;10;14;11
34009 4160083 8;CANDES/HYD BGR 8MG/12,5MG CPR P;5;2;0
34009 4920909 5;CANDES/HYD SDZ 16MG/12,5MG CPR;3;1;0
34009 2209081 8;CANDESAR/HYD ZENT PLQ/30;0;6;3
34009 4920625 4;CANDESAR/HYD.SDZ 8/12,5 CPR 30;0;3;0
34009 4920677 3;CANDESAR/HYD.SDZ 8/12,5 CPR 90;0;2;0
34009 4962173 6;CANDESARTAN 16MG ZTV CPR SEC 30;1;0;0
34009 2755062 1;CANDESARTAN 8MG ARROW CPR SEC;0;0;0
34009 4156590 8;CANDESARTAN BGA 4MG CPR BT30;0;1;0
34009 2741025 3;CANDESARTAN HYD MYLA16MG CPR3;6;4;6
34009 2741077 2;CANDESARTAN HYD MYLA16MG CPR9;0;2;0
34009 4159430 4;CANDESARTAN MYLP 16MG CPR BT90;4;1;4
34009 4159157 0;CANDESARTAN MYLP 4MG CPR BT90;2;0;3
34009 4159306 2;CANDESARTAN MYLP 8MG CPR BT90;4;2;3
34009 2741344 5;CANDESARTAN/HCTZ 8/12.5 MYLAN BT;1;1;0
34009 2744986 4;CAPECIT MYL 500MG CPR PELL PLAQ/;0;2;1
34009 3485771 3;CAPTO BGR 25MG CPR QSEC B/30;0;0;0
34009 3485788 1;CAPTOPRIL 50MG BIOG CPR SECABLE;0;0;0
34009 3740536 2;CARVEDILOL 12,5MG MYLAN CPR SEC;1;1;0
34009 3683117 9;CARVEDILOL MER 6,25MG PLQ/28;0;1;2
34009 3014471 8;CEFIXIME 200MG ARROW CPR 8;0;0;0
34009 2232803 4;CEFIXIME MYL PH 200MG CPR PELL PL;16;17;5
34009 3801427 3;CEFPODOX BIOGARAN 100MG CPR PE;3;0;0
34009 3873645 8;CEFPODOX MYL PD 1FL/100ML;2;0;5
34009 3873639 7;CEFPODOX MYLAN 40MG/5ML 50ML;0;0;0
34009 3941619 9;CEFPODOXIME 100MG SANDOZ CPR 1;2;0;0
34009 3993214 9;CEFPODOXIME 100MG VIATRIS CPR 10;4;6;1
34009 3436637 6;CEFUROXIME 500MG BIOGARAN CPR;0;2;0
34009 3675572 7;CEFUROXIME MER 250MG PLQ/8;2;7;4
34009 3000133 2;CELECOXIB 100MG BIOGARAN GEL 30;0;0;0
34009 3000137 0;CELECOXIB 200MG BIOGARAN GEL 30;2;0;0
34009 3013665 2;CELECOXIB 200MG MYLAN GELUL 30;1;2;5
34009 3010173 5;CELECOXIB ARW 100MG GELU BT30;0;0;1
34009 3583597 0;CELIPROLOL 200MG BIOGARAN CPR 2;0;0;1
34009 3577295 4;CELIPROLOL MER CPR PESE B/28;1;4;1
34009 3790149 9;CETIRIZ ARRW 10MG/ML S BUVGTE FL;0;3;0
34009 3009001 5;CETIRIZ ARRW LAB 10MG CPR PESE P;25;0;7
34009 3648629 4;CETIRIZ BGR 10MG CP PESE PLQ/15;2;0;0
34009 3588442 8;CETIRIZ SDZ 10MG CPR PESE B/15;25;47;50
34009 3656445 9;CETIRIZINE 10MG/ML BIOG SOL 15ML;1;1;0
34009 3844218 2;CETIRIZINE EVO 10MG CPR BT15;0;0;0
34009 3603472 3;CETIRIZINE MYL CPR PESE B/15;1;0;0
34009 3001623 7;CHLORHEX BGR 0,25G/0,025G/4ML 100;2;4;0
34009 3468086 1;CHLORHEXI/CHL G/100ML FL/90ML;85;107;88
34009 3027650 1;CHLORURE TROSPIUM 20MG VTS CPR;13;10;14
34009 3026749 3;CHOLECALC.BGA 50000 BUV A.2ML4;0;0;18
34009 3024968 0;CHOLECALC.SSP 200000 BUV A2ML1;1;0;0
34009 3000456 2;CHOLECALCIF BGR 100000UI S BUV A;0;0;0
34009 3000455 5;CHOLECALCIF SDZ 100000UI S BUV AM;0;0;0
34009 3015380 2;CHOLECALCIFEROL 100 000UI CRT AM;0;0;0
34009 3015381 9;CHOLECALCIFEROL 100 000UI ZTV AM;0;0;0
34009 3029521 2;CHOLECALCIFEROL 200 000UI VTS AM;25;22;22
34009 3025836 1;CHOLECALCIFEROL 50 000UI SUB AMP;0;23;28
34009 3027492 7;CHOLECALCIFEROL 50 000UI VTS AMP;60;49;41
34009 3027493 4;CHOLECALCIFEROL 50 000UI VTS AMP;0;0;11
34009 3027495 8;CHOLECALCIFEROL 50 000UI VTS AMP;65;58;16
34009 3029522 9;CHOLECALCIFEROL 80 000UI VTS AMP;45;24;35
34009 3000457 9;CHOLECALCIFEROL MYLAN SOLUTION;177;166;153
34009 3882288 5;CICLOPIROX MYLAN 8% FL/3ML;2;4;3
34009 3023947 6;CICLOPIROX OLA 1,5% VTS SHAMP100;6;12;7
34009 3020742 0;CICLOPIROX OLAM 1% MYLAN CR TUB;10;6;8
34009 3488255 5;CIMETID ARRW 200MG CPR EFF 3T/20;2;0;0
34009 3011952 5;CINACALCET 30MG BIOGARAN CPR 28;0;1;0
34009 3005737 7;CINACALCET 30MG MYLAN CPR 28X1;0;5;3
34009 3021498 5;CINACALCET 60MG CRISTERS CPR 28;0;0;1
34009 3005739 1;CINACALCET 60MG MYLAN CPR 28X1;0;2;0
34009 3638430 9;CIPROFLO BGR 500MG CPR PESE B/1;5;0;0
34009 3643098 3;CIPROFLOXACINE 250MG ZYDUS CPR;0;0;0
34009 3612732 6;CIPROFLOXACINE MYL 500MG B/12;4;19;14
34009 3678317 1;CIPROFLOXACINE SDZ 500MG CPR12;2;0;0
34009 3616776 6;CITALOPRAM MYL CPR PESE B/28;1;3;0
34009 3881716 4;CITALOPRAM ZYD 20MG CPR BT28;0;0;0
34009 3870954 4;CLARELUX GE 500MG/G CR T/10G;15;0;2
34009 3849173 9;CLARITHROMYCINE 500MG BIOG CPR;0;1;1
34009 3853921 9;CLARITHROMYCINE 500MG ZYDUS CP;0;3;0
34009 3853944 8;CLARITHROMYCINE 500MG ZYDUS CP;0;0;1
34009 3808671 3;CLARITHROMYCINE MER 250MG;1;2;0
34009 3808725 3;CLARITHROMYCINE MER PLQ/10;0;0;0
34009 3808731 4;CLARITHROMYCINE MYL PLQ/14;0;0;0
34009 3808961 5;CLARITHROMYCINE SDZ 500MG CP14;0;0;2
34009 3020642 3;CLOBETASOL 500MCG/G SUBS SHP 12;8;3;4
34009 3420783 9;CLOMIPRAMINE MER 25MG PELL B/;2;1;0
34009 3530141 3;CLOMIPRAMINE MER 75MG PESE B/;2;3;0
34009 3019569 7;CLOPID/AC ACETY 75/75MG MYL CP30;17;20;7
34009 3022481 6;CLOPIDOGREL 75MG BIOGARAN CPR;0;2;0
34009 3998424 7;CLOPIDOGREL 75MG SANDOZ CPR 30;1;11;19
34009 3023851 6;CLOPIDOGREL 75MG VIATRIS CPR 30X;0;0;0
34009 2739608 3;CLOPIDOGREL ARW 75MG CPR BT30;23;9;4
34009 2739726 4;CLOPIDOGREL ARW 75MG CPR FL30;2;8;4
34009 3880622 9;CLOPIDOGREL WINTHROP PLAQ/30;8;3;0
34009 3023060 2;CLOSALIS 50MCG/0,5MG/G GEL TUB 60;0;0;0
34009 2736998 8;CLOXACILLINE 500MG MYLAN GEL 16;0;1;0
34009 3570407 8;CLOZAP MYL 25MG CPR SEC PLQ/28;6;0;4
34009 3488462 7;CROMADOSES 2% 30UNID/0,3ML;1;2;2
34009 3581368 8;CURACNE GE 20MG CAPS MOL B/30;0;0;1
34009 3016419 8;CYAMEMAZINE 100MG MYLAN CPR SE;0;4;4
34009 3009753 3;CYAMEMAZINE 25MG MYLAN CPR SEC;7;9;14
34009 3588436 7;DAILY CPR ENR 3PLQ/21;2;0;0
34009 3008497 7;DARUNAVIR MYL 800MG PLQ PVC/PE/P;0;0;1
34009 4196572 2;DESLORAT MYL 1FL/150ML+SER;23;27;5
34009 2176269 3;DESLORAT ZENT 0,5MG/ML S BUV FL/1;0;0;10
34009 2174922 9;DESLORATADINE 5MG ZENTIVA CPR 3;0;0;0
34009 3013690 4;DESLORATADINE ARW 5MG CPR BT30;9;2;3
34009 2175666 1;DESLORATADINE EVP 5MG CPR BT30;0;0;0
34009 2682587 4;DESLORATADINE MYLA 5MG CPR 15;10;5;5
34009 2682601 7;DESLORATADINE MYLA 5MG CPR30;0;0;0
34009 2758988 1;DESLORATADINE SDZ 5MG CPR BT30;124;88;87
34009 3027552 8;DESMOPRESSINE SDZ 120MCG CPR 3;1;0;0
34009 3013838 0;DEXTROM BGR 1,5MG/ML S BUV SS SU;19;42;32
34009 3005953 1;DIAZEPAM 10MG ARROW CPR SEC 30;3;13;7
34009 3253109 7;DIAZEPAM TEVA 2MG CPR PLQ/40;1;2;1
34009 3253090 8;DIAZEPAM TEVA 5MG CPR 40;3;4;2
34009 3011988 4;DICLO MYL LP 75MG CPR ENLP PLQ/3;27;23;39
34009 2682788 5;DICLOFENAC 1% SDZ GEL FL PR 100M;51;2;0
34009 3833746 4;DICLOFENAC MYL 1% GEL 1T/50G;20;9;10
34009 2741893 8;DICLOFENAC MYLA1% FL PRES100ML;90;122;132
34009 3027048 6;DIENOGEST LMJ 2MG CPR BT28;0;0;0
34009 2779795 8;DILTIAZ MYL LP 200MG GEL LP PLQ/90;1;0;0
34009 2779766 8;DILTIAZEM MYLA LP 200MG GELU30;1;1;3
34009 2779855 9;DILTIAZEM MYLA LP 300MG GELU90;1;0;0
34009 3021127 4;DIMETRUM GE 2MG CPR 84;0;0;0
34009 3948225 5;DIOSMECTITE 3G MYLAN SACHET 30;30;17;16
34009 3948231 6;DIOSMECTITE 3G MYLAN SACHET 60;0;0;2
34009 3021254 7;DIVALCOTE GE 250MG CPR 30;0;0;0
34009 3021257 8;DIVALCOTE GE 500MG CPR 90;0;0;1
34009 3005951 7;DOMPERID MYL 10MG CPR PELL PLQ/2;0;0;1
34009 3823446 6;DOMPERIDONE 10MG VTS CPR OROD;5;6;15
34009 4960613 9;DORZO MYL 2% COLLYR S FL/5ML;0;0;1
34009 2732397 3;DORZO/TIMOL 20MG/5MG/ML ARW CO;0;0;0
34009 3012269 3;DORZO/TIMOL 20MG/5MG/ML BGR COL;4;0;0
34009 4196069 7;DORZO/TIMOL MYL 20MG/ML+5MG/ML;5;7;5
34009 4153781 3;DORZOLAMIDE 2% ARROW COLLYRE 5;2;6;0
34009 2165366 3;DOXAZOSINE MYLAN LP 4 MG 28 CP;0;0;3
34009 3454977 9;DOXY 50MG CPR BT14;0;0;1
34009 3561644 9;DOXY GE 100MG CPR PELL B/30;3;1;3
34009 3558234 8;DOXYCYCLINE MER CPR SEC B/30;16;11;20
34009 3002657 1;DULOXET MYL PH 30MG GEL GAST PL;11;2;11
34009 3002679 3;DULOXET MYL PH 60MG GEL GAST PL;8;7;4
34009 3002064 7;DULOXETINE BIOG 60MG GELU BT28;1;0;0
34009 3018860 6;DUTASTE/TAMS 0,5/0,4MG MYL GEL 30;4;1;5
34009 3016859 2;DUTASTERIDE 0,5MG MYLAN CAPS 30;16;22;19
34009 2781289 7;EBASTINE 10MG ZENTIVA CPR 30;0;0;3
34009 2770191 7;EBASTINE MYLA 10MG CPR OROD 30;18;5;10
34009 2781237 8;EBASTINE MYLA 10MG CPR30;15;21;17
34009 3672668 0;ECONAZOLE LP 150MG EG OVULE 1;7;0;0
34009 3773228 4;ECONAZOLE MYL 1% CR T/30G;42;47;52
34009 3793739 9;ECONAZOLE MYL 1% PDR CUT FL/3;8;17;19
34009 3773240 6;ECONAZOLE MYL 1% S LOC FL/30G;2;1;2
34009 3773234 5;ECONAZOLE MYL EMUL CUT FL/30G;2;3;5
34009 3672645 1;ECONAZOLE MYL LP 150MG OV PLQ;4;3;0
34009 3672697 0;ECONAZOLE SDZ LP 150MG OV BT1;7;4;11
34009 3002944 2;ELETRIPT PFIZER 40 MG B/10;5;13;8
34009 3689574 4;ELUDRIL GE 90ML;42;27;11
34009 3019866 7;EMTRICI/TENO 200/245MG ARW CPR30;0;0;1
34009 3006941 7;EMTRICI/TENO 200/245MG BIOG CPR30;0;0;0
34009 3009386 3;EMTRICI/TENO 200/245MG TEV CPR30;0;0;1
34009 3730012 4;ENALAP/HYD MYL 20MG/12,5MG CPR S;2;3;0
34009 3013050 6;ENALAP/LERC MYL 20MG/10MG CPR P;1;1;0
34009 3550505 7;ENALAPRIL 20MG MYLAN CPR SEC 30;2;2;3
34009 3724276 9;ENALAPRIL 20MG MYLAN CPR SECABL;0;3;1
34009 3540406 0;ENALAPRIL 5MG MYLAN CPR SECABLE;0;1;0
34009 3664918 7;ENALAPRIL/HYDRO MYL SE PLQ/30;2;0;0
34009 3022631 5;ENALAPRIL/LER.ARW 20/20 CPR 90;0;1;1
34009 3022714 5;ENALAPRIL/LER.ZEN 20/20 CPR 90;0;0;0
34009 3012893 0;ENALAPRIL/LERCA 20/10MG BIOG CP3;1;3;1
34009 3025527 8;ENALAPRIL/LERCA 20/20MG VTS CP 30;0;0;0
34009 3025533 9;ENALAPRIL/LERCA 20/20MG VTS CP 90;0;0;0
34009 3011560 2;ENTECAVIR 1MG VIATRIS CPR 30X1;0;0;0
34009 3010056 1;ENTECAVIR BGR 0,5MG CPR PELL PLQ;1;0;0
34009 3011557 2;ENTECAVIR MYL 0,5MG CPR PELL PLQ;4;5;5
34009 3001871 2;EPLERENONE 25MG VIATRIS 90;1;1;0
34009 3001248 2;EPLERENONE 50MG MYLAN 30;3;0;0
34009 3000994 9;EPLERENONE ARW 25MG CPR BT90DU;0;0;1
34009 3001243 7;EPLERENONE MYL 25MG CPR PELL PL;9;11;7
34009 3001880 4;EPLERENONE VIA 50MG CPR BT90;0;0;0
34009 2698720 6;ESCITAL BGR 10MG CPR PESE PLQ/28;0;0;0
34009 2698743 5;ESCITAL BGR 20MG CPR PESE PLQ/28;0;0;0
34009 3007484 8;ESCITAL MYL 10MG CPR PESE PLQ/28;10;14;18
34009 3007487 9;ESCITAL MYL 15MG CPR PESE PLQ/28;3;1;4
34009 3007489 3;ESCITAL MYL 20MG CPR PESE PLQ/28;5;12;1
34009 3010580 1;ESCITAL MYL 5MG CPR PELL PLQ/28X1;1;3;3
34009 2239998 0;ESCITAL SDZ 20MG CPR PESE PLQ/28;0;0;0
34009 3010512 2;ESCITALOPRAM VIA 10MG CPR FL28;0;0;0
34009 2797563 9;ESOMEPRAZOLE EVO 40MG GELU BT2;0;0;2
34009 4971901 3;ESOMEPRAZOLE MYLA 20MG PLQ/7;8;13;9
34009 4971918 1;ESOMEPRAZOLE MYLAN 20MG BT14;2;0;0
34009 4971924 2;ESOMEPRAZOLE MYLAN 20MG BT28;97;100;92
34009 4971947 1;ESOMEPRAZOLE MYLAN 40MG BT14;2;8;8
34009 4971953 2;ESOMEPRAZOLE MYLAN 40MG BT28;83;98;104
34009 3012578 6;ESOMEPRAZOLE SDZ 20MG GELU B28;0;0;0
34009 4971812 2;ESOMEPRAZOLE WINT 40MG BT28;0;1;2
34009 3003020 2;ETORICOX MYL 30MG CPR PELL PLQP;0;4;8
34009 3003052 3;ETORICOX MYL 60MG CPR PELL PLQP;1;1;0
34009 3009934 6;ETORICOXIB 30MG SANDOZ CPR 28;1;0;1
34009 3009522 5;ETORICOXIB ARW 30MG CPR BT28;5;0;0
34009 3009529 4;ETORICOXIB ARW 60MG CPR BT28;0;0;2
34009 3014392 6;ETORICOXIB BGA 30MG CPR BT28;0;0;0
34009 3009952 0;ETORICOXIB SDZ 60MG CPR BT28;2;6;3
34009 3029353 9;EZETIMIB/ATOR.SDZ10/10MG CPR90;2;0;0
34009 3029354 6;EZETIMIB/ATOR.SDZ10/20MG CPR30;0;0;1
34009 3029355 3;EZETIMIB/ATOR.SDZ10/20MG CPR90;0;4;1
34009 3029356 0;EZETIMIB/ATOR.SDZ10/40MG CPR30;0;4;0
34009 3029357 7;EZETIMIB/ATOR.SDZ10/40MG CPR90;0;2;0
34009 3029358 4;EZETIMIB/ATOR.SDZ10/80MG CPR30;3;8;2
34009 3029359 1;EZETIMIB/ATOR.SDZ10/80MG CPR90;1;0;1
34009 3028645 6;EZETIMIB/ATOR.TVC10/80MG CPR30;0;5;0
34009 3009750 2;EZETIMIB/SIM.SDZ10/40MG CP B30;0;0;0
34009 3022475 5;EZETIMIBE 10MG MYLAN CPR 30X1;10;4;11
34009 3022476 2;EZETIMIBE 10MG VIATRIS CPR 90X1;7;2;1
34009 3002581 9;EZETIMIBE MYL 10MG/20MG CPR PLQ/;11;4;7
34009 3002582 6;EZETIMIBE MYL 10MG/20MG CPR PLQ/;2;0;3
34009 3002591 8;EZETIMIBE MYL 10MG/40MG CPR PLQ/;0;0;1
34009 3029184 9;EZETIMIBE/ATOR 10MG/10MG VTS CPR;6;6;2
34009 3029185 6;EZETIMIBE/ATOR 10MG/10MG VTS CPR;0;0;3
34009 3029186 3;EZETIMIBE/ATOR 10MG/20MG VTS CPR;7;4;1
34009 3029187 0;EZETIMIBE/ATOR 10MG/20MG VTS CPR;0;0;0
34009 3029188 7;EZETIMIBE/ATOR 10MG/40MG VTS CPR;18;5;4
34009 3029189 4;EZETIMIBE/ATOR 10MG/40MG VTS CPR;3;3;3
34009 3029190 0;EZETIMIBE/ATOR 10MG/80MG VTS CPR;13;3;8
34009 3029191 7;EZETIMIBE/ATOR 10MG/80MG VTS CPR;2;0;3
34009 3002590 1;EZETIMIBE/SIMVAS MYL 10MG/40MG C;4;5;2
34009 3551025 9;FAMOTIDINE 20MG EG CPR 30;1;3;0
34009 3016723 6;FEBUXOSTA MYL 80MG CPR PLQ PVC/;0;1;0
34009 3010107 0;FEBUXOSTAT 80MG BIOGARAN CPR 2;5;14;14
34009 3016483 9;FEBUXOSTAT 80MG CRISTERS CPR 28;0;0;0
34009 3010829 1;FEBUXOSTAT 80MG SANDOZ CPR 28;0;0;0
34009 3010112 4;FEBUXOSTAT 80MG ZTV CPR 28;0;0;0
34009 3017090 8;FEBUXOSTAT ARW 80MG CPR BT28;6;0;0
34009 3013408 5;FEBUXOSTAT EG 80MG CPR BT28;0;2;13
34009 3017996 3;FEBUXOSTAT EVO 80MG CPR BT28;0;0;0
34009 3010854 3;FEBUXOSTAT SDZ 120MG CPR BT28;0;0;2
34009 3696433 4;FENOFIB MYL PH 145MG CPR PELL PL;22;12;11
34009 3926399 1;FENOFIBRATE 145MG ZENTIVA CPR 30;0;0;1
34009 3681897 2;FENOFIBRATE 200MG SANDOZ GELUL;0;0;3
34009 3349950 1;FENOFIBRATE MER 100MG GEL B/3;2;0;1
34009 3735653 4;FENOFIBRATE MER 160MG CPR PEL;8;2;5
34009 3477719 6;FENOFIBRATE MER 200MG GEL B/3;8;2;6
34009 3518329 3;FENOFIBRATE MER 67MG GEL B/60;2;1;0
34009 3773323 6;FENOFIBRATE MYLA 160MG CPR 90;3;0;0
34009 3738278 6;FENOFIBRATE MYLA 300MG GELU90;1;0;0
34009 3674555 1;FENOFIBRATE ZEN 200MG GELU 30;3;0;0
34009 3025513 1;FESOTERODINE 4MG ARROW CPR LP;1;0;0
34009 3025514 8;FESOTERODINE 8MG ARROW CPR LP;5;4;0
34009 3022762 6;FESOTERODINE 8MG ZENTIVA CPR LP;1;0;1
34009 3022772 5;FESOTERODINE EG LP 4MG CPR 30;4;14;2
34009 3829124 7;FEXOFENAD MYL 120MG CPR PELL PL;2;0;0
34009 3829182 7;FEXOFENADINE MYLA 180MG PLQ/1;2;7;2
34009 3771413 6;FINASTERIDE MYL 5MG PLQ/28;7;7;7
34009 3642526 2;FLECAINID MYL 100MG CPR SEC PLQ/3;2;2;2
34009 3011535 0;FLECAINIDE LP 100MG MYLAN GEL 30;4;0;9
34009 3011536 7;FLECAINIDE LP 150MG MYLAN GEL 30;3;3;2
34009 3020582 2;FLUCONAZOLE 150MG ARROW GELUL;1;1;2
34009 3780702 9;FLUCONAZOLE 150MG SANDOZ GELUL;0;2;0
34009 3703245 2;FLUCONAZOLE MER 100MG PLQ/7;0;4;1
34009 3780961 0;FLUCONAZOLE MER SUBU FL/35ML;12;0;0
34009 3510291 1;FLUOXETINE MER 20MG GEL B/14;23;7;18
34009 3632048 2;FLUOXETINE MYL CPR DISE B/28;11;4;11
34009 3019154 5;FLUTI/SALMETEROL 125/25 BGR INH12;1;0;0
34009 3019155 2;FLUTICA/SALME 250/25 120 DOSES;13;9;14
34009 3961852 4;FLUVASTATINE 20MG BGR GELULE 30;0;1;1
34009 3950015 7;FLUVASTATINE MYLAN 40MG PLQ/3;0;0;1
34009 3835171 2;FLUVASTATINE SDZ 40MG GELU 30;0;0;1
34009 3001110 2;FORMOTEROL BGA 12MCG GELU BT60;3;2;0
34009 2802844 0;FORMOTEROL MYL 12AG PDR INH GEL;0;0;3
34009 2803045 0;FORMOTEROL ZEN 12MCG GELU BT60;0;0;0
34009 4987931 1;FOSFOMYCINE EVO 3G BUV SACH 1;0;0;0
34009 3942381 4;FOSFOMYCINE MYLAN PHARMA 1SA/;20;24;8
34009 3018033 4;FOSFOMYCINE ZYD 3G BUV SACH 1;0;0;2
34009 2694343 1;FROVATRIP MYL 2,5MG CPR PELL PLQ;0;0;0
34009 3673716 7;FUROSEMID ZENT 40MG CPR SEC PLQ;9;0;0
34009 3665473 0;FUROSEMIDE ARW 20MG CPR BT30;5;0;0
34009 3478386 9;FUROSEMIDE BIOGARAN 40 MG CPR S;0;0;4
34009 3665504 1;FUROSEMIDE MYL 20MG PLQ/30;10;19;14
34009 3647699 8;FUROSEMIDE MYL 40MG PLQ/30;82;66;59
34009 4162662 3;FUROSEMIDE TEVA 500MG PLQ/30;3;6;5
34009 3874231 2;FUSIDATE DE SODIUM 2% POM 1B/15G;7;19;6
34009 4992174 4;GABAPENTINE 100MG ARROW GELUL;0;0;0
34009 3744244 2;GABAPENTINE 300MG BIOG GELULE 9;0;0;1
34009 3778987 5;GABAPENTINE MYL 100MG PLQ/90;4;8;6
34009 3779113 7;GABAPENTINE MYL 300MG PLQ/90;9;3;3
34009 3776563 3;GLIBENCLAMIDE MYL 5MG PLQ/90;3;1;4
34009 3001099 0;GLICLAZ ZENT 60MG CPR SELM PLQ P;14;4;0
34009 3856799 1;GLICLAZIDE 30LM MYLAN 30CP;3;0;5
34009 2758623 1;GLICLAZIDE 60MG BIOGARAN CPR LM;1;7;0
34009 3006956 1;GLICLAZIDE 60MG CRIST CPR SEC LM;-4;0;0
34009 3004747 7;GLICLAZIDE 60MG SANDOZ CPR LM 30;47;61;17
34009 3013652 2;GLICLAZIDE 60MG VTS CPR SEC LM 30;0;18;20
34009 3013654 6;GLICLAZIDE 60MG VTS CPR SEC LM 90;28;22;32
34009 3017112 7;GLICLAZIDE SDZ 30MG CPR LM 30;18;19;4
34009 3856552 2;GLICLAZIDE TVS 30MG CPR LM 180;0;0;1
34009 3001100 3;GLICLAZIDE ZEN 60MG CPR LM 90;5;0;0
34009 3718991 0;GLIMEP BGR 3MG CPR PLQ/30;2;0;0
34009 3719039 8;GLIMEP BGR 3MG CPR PLQ/90;0;0;0
34009 3765921 5;GLIMEPIR MYLAN PH 2MG PLQ/90;1;2;1
34009 3965258 0;GLIMEPIRIDE 1MG CRISTERS CPR 30;0;0;0
34009 3965229 0;GLIMEPIRIDE 2MG CRISTERS CPR 30;0;3;0
34009 3748087 1;GLIMEPIRIDE 2MG SANDOZ CPR SEC 3;0;0;1
34009 3965399 0;GLIMEPIRIDE 3MG CRISTERS CPR 30;0;0;0
34009 2228049 3;GLIMEPIRIDE ARW 3MG CPR BT30;1;0;0
34009 2228078 3;GLIMEPIRIDE ARW 3MG CPR BT90;1;0;0
34009 3765938 3;GLIMEPIRIDE MYL PH 1MG PLQ/30;0;7;1
34009 3765890 4;GLIMEPIRIDE MYL PH 2MG PLQ/30;4;10;4
34009 3765855 3;GLIMEPIRIDE MYL PH 3MG PLQ/30;0;2;15
34009 3765743 3;GLIMEPIRIDE MYL PH 4MG PLQ/30;0;5;4
34009 3765789 1;GLIMEPIRIDE MYL PH 4MG PLQ/90;4;1;2
34009 3748101 4;GLIMEPIRIDE SDZ 3MG CPR BT30;5;7;2
34009 2783868 2;GLYCE/VAS ARRW 15%/8%/2% CR T/25;0;3;26
34009 3001202 4;GLYCE/VAS CRIS 15 %/8 %/2 % CR 1T/2;0;0;0
34009 2667435 9;GLYCE/VAS PFS 15%/8%/2% CR T/250G;181;31;7
34009 2783851 4;GLYCE/VAS SDZ 15%/8%/2% CR T/250;16;37;28
34009 3010960 1;GLYCE/VAS TEVA 15 %/8 %/2 % CR 1T/;0;0;0
34009 3001199 7;GLYCE/VAS/ EG 15%/8%/2% CR T/250G;0;51;30
34009 2678249 8;GLYCE/VAS/PAR BGR 15 %/8 %/2 % CR;1;20;5
34009 2783584 1;GLYCEROL/VAS/PAR MYLA CR T250G;92;63;185
34009 3018004 4;HYDROCHLOROTHIA 25MG ARW CPR;6;6;11
34009 2789635 4;HYDROXYZ MYL 25MG CPR PESE PLQ/;31;20;22
34009 3866183 5;IBUP E/N S 20MG/ML FL/200ML+S;8;13;6
34009 3026308 2;IBUPROFENE 400MG VIATRIS CPR 30;51;35;38
34009 3582327 4;IBUPROFENE MER 200MG ENR B/30;17;16;21
34009 3749916 3;IBUPROFENE MYL 400MG PLQ/20;12;1;0
34009 3026306 8;IBUPROFENE VIS 400MG CPR BT20;64;71;70
34009 3021790 0;IMENOR 2,5MG CPR 24;14;8;1
34009 3298046 8;INDAPAM BGR 2,5MG CPR PELL PLQ/3;1;1;1
34009 3842691 5;INDAPAMIDE MYLAN LP PELP PLQ/;4;3;4
34009 2791371 6;IPRATRO SDZ 0,5MG/ML S INH NE A;0;0;0
34009 3658036 7;IPRATROP MYL 0,50MG SOL AD 10;27;27;44
34009 3657841 8;IPRATROPIUM ARW 0,5MG/2ML D.10;0;0;9
34009 3009079 4;IPRATROPIUM ZEN 0,50MG/2ML D10;0;0;0
34009 2244479 6;IRBESAR BGR 150MG CPR PELL PLQ/9;0;0;1
34009 2219168 3;IRBESAR HYD ZENT 300MG/12,5MG CP;3;0;0
34009 3015131 0;IRBESAR MYL 150MG CPR FL/30;0;0;0
34009 3950736 1;IRBESAR SDZ 150MG CPR PELL PLAQ/;29;6;5
34009 3950794 1;IRBESAR SDZ 150MG CPR PELL PLAQ/;8;1;0
34009 3950386 8;IRBESAR SDZ 75MG CPR PELL PLAQ/3;0;0;1
34009 2216135 8;IRBESAR ZENT 75MG CPR PELL PLQ/9;1;0;2
34009 3990463 4;IRBESAR ZYD 75MG CPR PELL PLQ/90;0;0;0
34009 2683061 8;IRBESAR/HYD BGR 150MG/12,5MG CP;9;1;0
34009 2683138 7;IRBESAR/HYD BGR 300MG/12,5MG CP;7;1;4
34009 2683173 8;IRBESAR/HYD BGR 300MG/12,5MG CP;3;0;0
34009 2683227 8;IRBESAR/HYD BGR 300MG/25MG CPR;6;0;0
34009 2178529 6;IRBESAR/HYD CRIS 300MG/25MG CPR;0;0;0
34009 3469861 3;IRBESAR/HYD SDZ 150MG/12,5MG CPR;5;1;2
34009 2181804 8;IRBESAR/HYD SDZ 300MG/12,5MG CPR;5;7;0
34009 3469737 1;IRBESAR/HYD SDZ 300MG/25MG CPR P;6;0;0
34009 3469683 1;IRBESAR/HYD SDZ 300MG/25MG CPR P;7;5;3
34009 2186724 4;IRBESART MYL 150MG CPR PLQ/90;7;17;6
34009 2186799 2;IRBESART MYL 300MG CPR PLQ/30;23;14;11
34009 2186865 4;IRBESART MYL 300MG CPR PLQ/90;1;3;4
34009 2186546 2;IRBESART MYL 75MG CPR PLQ/30;10;7;6
34009 2744124 0;IRBESART/HYD.ARW 150/12,5 CP90;1;0;0
34009 2181879 6;IRBESARTA/HYD PLQ ALU/90;2;4;0
34009 2244522 9;IRBESARTAN 300MG BGR CPR 30;1;0;0
34009 3015121 1;IRBESARTAN 300MG MYLAN CPR FL 30;1;0;0
34009 3951109 2;IRBESARTAN 300MG SANDOZ CPR 90;2;1;2
34009 2186606 3;IRBESARTAN MYLA 75MG CPR BT 90;9;4;6
34009 2186664 3;IRBESARTAN MYLA150MG CPR BT 30;0;12;7
34009 3017223 0;IRBESARTAN/HYD 150/12,5MG MYL CP;6;15;20
34009 3017224 7;IRBESARTAN/HYD 150/12,5MG MYL CP;6;7;11
34009 3469909 2;IRBESARTAN/HYD 150/12,5MG SDZ CP;10;0;0
34009 4197229 4;IRBESARTAN/HYD 300/12,5MG EG CPR;2;0;0
34009 3017234 6;IRBESARTAN/HYD 300/12,5MG MYL CP;3;6;7
34009 3017235 3;IRBESARTAN/HYD 300/12,5MG MYL CP;0;1;10
34009 3017236 0;IRBESARTAN/HYD 300/25MG MYL CPR;11;5;15
34009 3017237 7;IRBESARTAN/HYD 300/25MG MYL CPR;5;5;7
34009 3007918 8;IVABRAD MYL 5MG CPR PELL PLQ/PVC;6;0;1
34009 3011209 0;IVABRADINE ARW 7,5MG CPR BT56;0;3;0
34009 3014692 7;IVERMECT MYL 3MG CPR PLQ/4;8;4;0
34009 3014697 2;IVERMECTINE 3MG BIOGARAN CPR 4;2;0;0
34009 3836590 0;KETOCONAZOLE 2% ARROW GEL SAC;2;0;0
34009 3841444 8;KETOCONAZOLE 2% BGR GEL DOSE 2;0;4;0
34009 3838270 9;KETOCONAZOLE 2% EG GEL SACHET;6;0;0
34009 3017273 5;KETOCONAZOLE 2% MYLAN CR TUB 1;2;7;7
34009 3886174 7;KETOCONAZOLE 2% SANDOZ GEL SA;0;0;5
34009 3886010 8;KETOCONAZOLE MYL 1REC UNID/20;0;1;0
34009 3886033 7;KETOCONAZOLE MYL 8SACH-DOSE/6;16;16;8
34009 3783451 3;KETOPROFENE LP 200MG SUN CPR 14;2;0;0
34009 2661869 8;KETOPROFENE MYLA LP100MG CPR20;87;74;62
34009 3852465 9;KETOPROFENE RANB 50MG GELU24;7;2;3
34009 3784829 9;KETOPROFENE RANBAXY 100MG B/3;12;0;0
34009 3392791 2;KETUM GE 100MG CPR PELL B/30;7;21;9
34009 3583858 2;LACTULOSE MER 10G/15ML S 20SA;40;26;25
34009 3398405 2;LACTULOSE MYL 10G 20SACH/15ML;4;5;3
34009 3808493 1;LAMOT MYL 100MG CPR DISP PLQ/30;6;9;3
34009 3808033 9;LAMOT MYL 25MG CPR DISP PLQ/30;3;2;3
34009 3808398 9;LAMOT MYL 50MG CPR DISP PLQ/30;0;0;1
34009 3808607 2;LAMOTRIGINE 200MG MYLAN CPR DIS;0;0;0
34009 2787085 9;LANSOPRAZOLE 15MG BIOG CPR ORO;4;2;0
34009 3007057 4;LANSOPRAZOLE 30MG ARROW CPR O;1;5;7
34009 2787139 9;LANSOPRAZOLE 30MG BIOG CPR ORO;1;0;0
34009 3814016 3;LANSOPRAZOLE MYL 15MG PLQ/30;8;7;7
34009 3810509 4;LANSOPRAZOLE MYL 30MG PLQ/28;7;30;12
34009 2735289 8;LANSOPRAZOLE MYLA 15MG CPR 14;0;1;0
34009 2735295 9;LANSOPRAZOLE MYLA 15MG CPR 28;0;3;2
34009 2741841 9;LANSOPRAZOLE MYLA 30MG CPR 28;14;1;0
34009 3006671 3;LEELOO CONT GE 100MCG/20MCG CP;0;0;0
34009 3847932 4;LEELOO GE 3PL;1;0;1
34009 2208495 4;LEFLUNOMIDE 20MG MYLAN CPR 30;1;1;1
34009 3915912 6;LERCANIDIPINE 10MG ZTV CPR SEC 90;0;0;0
34009 3294545 0;LERCANIDIPINE MYLAN 10MG PLQ/;2;11;4
34009 3294516 0;LERCANIDIPINE MYLAN 10MG PLQ/;23;19;15
34009 3327517 4;LERCANIDIPINE MYLAN 20MG PLQ/;1;6;3
34009 3319357 7;LERCANIDIPINE MYLAN 20MG PLQ/;21;14;11
34009 4918812 3;LETROZ BGR 2,5MG CPR PELL PLQ/30;1;0;0
34009 4991654 2;LETROZOLE MYLAN 2,5MG CPR PELL;0;0;0
34009 4155389 9;LETROZOLE SDZ 2,5MG CPR BT30;2;1;1
34009 3985195 2;LETROZOLE ZYD 2,5MG CPR BT30;1;0;0
34009 2685189 7;LEVETIRAC 100MG/ML MYL(10ML) 300;1;1;1
34009 4162722 4;LEVETIRAC MYL PH 1000MG CPR PELL;4;0;0
34009 4162610 4;LEVETIRAC MYL PH 250MG CPR PELL;1;4;0
34009 2680329 2;LEVETIRACETAM ARW 300ML+SRG10M;0;0;0
34009 4162691 3;LEVETIRACETAM MYL 500MG;8;6;7
34009 3985692 6;LEVOCETIRIZINE MYLA 5MG CPR 28;23;10;7
34009 3014574 6;LEVOCETIRIZINE ZYD 5MG CPR B28;0;0;0
34009 3003930 4;LEVOD/C/E.ARW125/31,25/200 100;0;0;0
34009 3991149 6;LEVOFLOXACINE MYLAN PESE PLQ/;4;2;0
34009 2762300 4;LEVONORGESTREL MYLA CPR 1,5MG;1;10;12
34009 2766551 6;LIDOC/PRILO ZENT 5% PANS ADH CUT;117;69;134
34009 2761097 4;LIDOCAINE PRIL BIOG PANS5% BT1;6;27;0
34009 3738456 8;LISINOPRIL/HY 20/12,5MG MYLAN CS30;0;0;0
34009 3738479 7;LISINOPRIL/HY 20/12,5MG VTS CS90;1;0;0
34009 3456835 0;LOPERAMIDE 2MG EG GELULE 20;14;4;0
34009 3482896 6;LOPERAMIDE MERCK 2MG GEL B/20;79;36;69
34009 3608854 2;LORATADINE MYLAN 10MG PLQ/15;10;6;7
34009 3404382 6;LORAZEPAM MYL 1MG CPR PESE B/;1;0;0
34009 3365156 5;LORAZEPAM MYL 2,5MG PESE B/30;5;0;1
34009 2756707 0;LORMETAZ ARRW 1MG CPR SEC PLQ/;0;3;0
34009 2756713 1;LORMETAZ ARRW 2MG CPR SEC PLQ/;18;20;23
34009 3993243 9;LOSART/HYD BGR 100MG/25MG CPR P;0;1;0
34009 3896698 5;LOSARTAN 50MG BIOGARAN CPR SEC;0;0;0
34009 3887647 5;LOSARTAN 50MG SANDOZ CPR SEC 30;0;0;0
34009 3952250 0;LOSARTAN HCTZ MYLA100/25 CPR28;1;0;0
34009 3955952 0;LOSARTAN HCTZ MYLA100/25 CPR90;0;0;0
34009 3835656 4;LOSARTAN MYL 100MG PLQ/28;1;1;1
34009 3835604 5;LOSARTAN MYLAN 50MG PESE PLQ/;1;0;0
34009 3952178 7;LOSARTAN/HYDRO MYLAN 50/12.5;4;5;1
34009 3955923 0;LOSARTAN/HYDRO MYLAN PLQ/90;0;0;0
34009 2798315 3;LYMECYC ARRW 408MG GEL EQUI 300;0;2;0
34009 3894995 7;MACROG PD BUV 20SAC-DO/10,200;54;28;16
34009 3017280 3;MACROGOL 4 000 10G ZTV SACHET20;0;0;0
34009 3017491 3;MACROGOL 4 000 4G ARROW SACHET;2;4;17
34009 3019140 8;MACROGOL 4 000 4G BGR SACHET 20;0;0;0
34009 3017496 8;MACROGOL 4000 ARW 10G BUV S.20;51;31;48
34009 3017281 0;MACROGOL 4000 EG 10G BUV SAC20;0;13;14
34009 3913468 0;MACROGOL 4000 SAND PDR BUV S20;11;23;38
34009 3023926 1;MACROGOL 4000 ZEN 4G BUV SAC20;0;3;0
34009 3795052 7;MACROGOL SBUV SACH-DOSE/20;5;14;4
34009 3966358 6;MELOXICAM BIOG 15MG CPR BT 14;1;0;0
34009 3970348 0;METFORM SDZ 500MG CP PELL PLQ/90;1;1;1
34009 3970590 3;METFORM SDZ 850MG CP PELL PLAQ/;0;0;1
34009 3017304 6;METFORMINE 1 000MG SDZ CPR 90;0;0;0
34009 4912577 7;METFORMINE 1000 MYLAN BT/30;32;23;22
34009 4912643 9;METFORMINE 1000 MYLAN BT/90;61;61;61
34009 4912040 6;METFORMINE 500 MYLAN BT/30;41;55;22
34009 4912117 5;METFORMINE 500 MYLAN BT/90;85;59;37
34009 3971744 9;METFORMINE 500MG BGR CPR 90;0;0;1
34009 4912301 8;METFORMINE 850 MYLAN BT/30;29;14;17
34009 3794609 4;METFORMINE MER 1000MG ORO/30;3;6;2
34009 3801025 1;METFORMINE MER 850 DISPERS/30;0;9;0
34009 4912376 6;METFORMINE MYLA 850 CPR PEL 90;63;51;47
34009 3532921 9;METOCLOPRAMIDE MYL 10MG B/40;8;19;13
34009 3024847 8;METOPIMAZINE 7,5MG VENI CPR ORO;8;0;0
34009 3027409 5;METOPIMAZINE ARW7,5MG SS DIS16;26;51;13
34009 3014767 2;METRON BGR 500MG CPR PELL PLQ/1;2;1;0
34009 3014765 8;METRONIDAZOLE 250MG BIOGARAN C;0;1;0
34009 3018836 1;METRONIDAZOLE 500MG ARW CPR SE;8;4;4
34009 3014766 5;METRONIDAZOLE 500MG BIOGARAN C;1;1;0
34009 3018837 8;METRONIDAZOLE ARW 500MG CPR 14;18;15;17
34009 3583479 9;MIANSERINE 10MG ARROW CPR 30;0;0;0
34009 3583516 1;MIANSERINE ARRW 60MG CPR PESE P;0;0;0
34009 3586704 9;MIANSERINE BGR 30MG CPR PELL PL;2;2;0
34009 3342385 8;MIANSERINE MER 30MG PELL B/30;6;12;8
34009 3483335 9;MIANSERINE MER 60MG PESE B/14;10;10;6
34009 3342379 7;MIANSERINE MYL 10MG B/30;10;19;15
34009 3661825 1;MIANSERINE SDZ 10MG CPR PELL PLQ;0;0;0
34009 3661854 1;MIANSERINE SDZ 30MG CPR PESE PL;0;0;2
34009 3772631 3;MIRTAZAPINE MER 15MG PLQ/30;6;6;4
34009 3555425 3;MOLSIDOMINE 2MG BIOGARAN CPR S;1;1;1
34009 3015119 8;MOMETASONE 50MCG/DOSE MYL PUL;43;52;34
34009 2221461 0;MONOKETO GE UNIDOSE 60;11;4;19
34009 2206094 1;MONTELUKAST 10MG CRISTERS CPR;0;0;0
34009 4966923 3;MONTELUKAST 10MG MYLAN;36;25;14
34009 4997869 4;MONTELUKAST ZYD 10MG CPR BT28;0;0;0
34009 3735311 3;MOXONIDINE MYLA 0,2MG CPR 30;1;2;1
34009 3735340 3;MOXONIDINE MYLA 0,2MG CPR 90;0;0;2
34009 3735386 1;MOXONIDINE MYLA 0,4MG CPR 30;1;1;0
34009 3735417 2;MOXONIDINE MYLA 0,4MG CPR 90;0;1;1
34009 3007533 3;MUPIRO MYL 2% POM T/15G;3;9;5
34009 4929715 3;MYCOPH MOF BGR 500MG CPR PELL P;0;0;0
34009 4979392 1;MYCOPH MOF MYL 500MG CPR PELL P;4;8;2
34009 3012553 3;NAPROXENE SODIQUE 550MG ARW C;31;23;18
34009 4939211 7;NARATRIPTAN 2,5MG BIOGARAN CPR;1;0;0
34009 3003842 0;NEBIVOLOL MYL PH 5MG CPR QSEC P;7;9;2
34009 3003839 0;NEBIVOLOL MYLP 5MG CPR BT 30;17;12;14
34009 3019509 3;NEBIVOLOL/HYD 5MG/25MG BGR CPR3;3;0;0
34009 3015598 1;NEBIVOLOL/HYD MYL PH 5MG/12,5MG;3;3;1
34009 3015599 8;NEBIVOLOL/HYD MYL PH 5MG/12,5MG;2;1;0
34009 3015601 8;NEBIVOLOL/HYD MYL PH 5MG/25MG C;0;1;6
34009 3015668 1;NEBIVOLOL/HYD.ZEN 5/12,5 CPR30;0;1;0
34009 3025251 2;NEFOPAM 30MG PANPHARMA CPR 30;60;44;61
34009 2667955 2;NICORANDIL MYL PH 10MG CPR SEC P;2;4;0
34009 3028569 5;NICORETTE 2MG CPR SUCER BT80;0;0;0
34009 3757695 6;NICORETTE 2MG GOMME FRUITS SS 2;0;2;0
34009 3028582 4;NICORETTE FRUIT 2MG CPR SUC 80;3;0;2
34009 3689203 3;NIFEDIPINE MER L.P. 30MG PLQ/;1;0;0
34009 3023683 3;OFLOXACINE 1,5MG/0,5ML VTS AURIC2;4;11;9
34009 3645298 5;OFLOXACINE 200MG SANDOZ CPR SE;0;2;0
34009 3617988 2;OFLOXACINE BIOG 200MG CPR BT10;2;0;0
34009 3603087 9;OFLOXACINE MER CPR PESE B/10;2;11;2
34009 2760436 2;OLANZAP MYL 10MG CPR OROD PLQ/2;5;14;7
34009 3863902 5;OLANZAPINE 5MG SANDOZ CPR SEC 2;0;0;1
34009 3945505 1;OLANZAPINE MYLA 10MG CPR 28;7;5;4
34009 3945439 9;OLANZAPINE MYLA 5MG CPR 28;3;1;3
34009 3006017 9;OMEPRAZ MYL PH 10MG GEL GAST PL;1;1;0
34009 3006022 3;OMEPRAZ MYL PH 20MG GEL GAST PL;10;11;13
34009 3006021 6;OMEPRAZ MYL PH 20MG GEL GAST PL;5;11;9
34009 3628294 0;OMEPRAZOLE 20 MG MYLAN FLACON;25;36;27
34009 3712818 6;OMEPRAZOLE 20MG SANDOZ GELULE;1;4;0
34009 3018162 1;OMEPRAZOLE 20MG ZENTIVA FL GEL;6;0;0
34009 3006024 7;OMEPRAZOLE MYLA 20MG GELU BT28;197;170;165
34009 3006019 3;OMEPRAZOLE MYLP 10MG GELU BT28;1;13;1
34009 4991507 1;ONDANSETRON MYLAN OROD PLAQ/4;3;0;0
34009 3008783 1;ONDANSETRON ZEN 8MG CPR DISP B;0;2;0
34009 2740698 0;OPTIMIZETTE GE 75MCG CPR 3X28;16;21;17
34009 3951730 8;OROFLUCO 150MG GELU BT 1;3;0;0
34009 3010771 3;OROFLUCO GE 150MG GELULE 6;0;0;5
34009 3030209 5;OXAZEPAM 10MG SUBSTI CPR 30;0;0;0
34009 3798346 4;OXCARBAZEPINE 600MG VIATRIS CPR;1;0;0
34009 4922127 1;OXOMEMAZINE 0,33MG/ML ZTV S/S150;0;0;19
34009 4924669 4;OXOMEMAZINE MYL 150ML SUCRE;22;25;30
34009 4921553 9;OXOMEMAZINE MYL SANS SUCRE;34;48;9
34009 3483513 1;OXYBUTYNINE MYL 5MG B/60;1;5;2
34009 2780048 1;PANTOPRAZOLE 20MG VIATRIS CPR 1;0;6;10
34009 2780054 2;PANTOPRAZOLE 20MG VIATRIS CPR 2;78;85;76
34009 3878565 4;PANTOPRAZOLE 40MG SANDOZ CPR 2;0;0;9
34009 2780108 2;PANTOPRAZOLE 40MG VIATRIS CPR 1;1;0;0
34009 2780114 3;PANTOPRAZOLE 40MG VIATRIS CPR 2;78;68;57
34009 3017756 3;PARACET COD 500/30 MYLAN CPR 16;35;16;44
34009 3741731 0;PAROXETINE MYL 20MG PESE PLAQ/;26;33;30
34009 2784129 3;PERIN ARG BGR 10MG CPR PELL PILU;8;4;5
34009 2784158 3;PERIN ARG BGR 10MG CPR PELL PILU;0;0;0
34009 2784046 3;PERIN ARG BGR 5MG CPR PESE PILUL;5;7;1
34009 2784075 3;PERIN ARG BGR 5MG CPR PESE PILUL;4;0;4
34009 3929535 0;PERIN/INDA MYL 4MG/1,25MG CPR PL;1;1;0
34009 4186237 3;PERIND ARG/IND 5MG/1,25MG VTS 30;0;3;0
34009 4186160 4;PERIND.ARG/INDAP.VIA2,5MG CP30;1;1;1
34009 3021840 2;PERIND.T-B/AMLO.ARW 4/10 CPR30;0;1;0
34009 3024570 5;PERINDOPRIL 2MG VIATRIS CPR 30;2;3;1
34009 3024572 9;PERINDOPRIL 4MG VIATRIS CPR SEC 3;7;16;13
34009 3024575 0;PERINDOPRIL 8MG VIATRIS CPR 30;2;7;15
34009 2783940 5;PERINDOPRIL ARG 2,5MG BIOG CPR 3;2;0;1
34009 2189208 6;PERINDOPRIL ARG 5MG VTS CPR SEC;4;0;0
34009 2189220 8;PERINDOPRIL ARG 5MG VTS CPR SEC;0;1;2
34009 3025821 7;PERINDOPRIL ARGI.EG 2,5MG CP90;0;1;0
34009 3025827 9;PERINDOPRIL ARGI.EG 5MG CPR 30;0;2;1
34009 2189332 8;PERINDOPRIL ARGI.VIA 10MG CP90;0;0;1
34009 2189094 5;PERINDOPRIL ARGI.VIA 2,5MG C30;0;2;0
34009 3848541 7;PERINDOPRIL SDZ 4MG CPR BT90;0;1;0
34009 3946491 6;PERINDOPRIL SDZ 8MG CPR BT90;2;0;1
34009 3024571 2;PERINDOPRIL VIA 2MG CPR BT90;0;1;0
34009 3024574 3;PERINDOPRIL VIA 4MG CPR BT90;0;0;0
34009 3010796 6;PERINDOPRIL/AMLO 8MG/10MG EG CP;6;1;0
34009 3023666 6;PERINDOPRIL/AMLO 8MG/10MG MYL C;0;0;1
34009 3023949 0;PHLOROGLUCINOL 16MG VTS CPR O;16;55;24
34009 3697088 5;PHLOROGLUCINOL MYL OROD PLQ/1;115;83;102
34009 3705040 7;PINAVERIUM MYL 100MG PLQ/30;2;0;2
34009 3430132 2;PIROXICAM 10MG BIOGA GELU 30;0;1;0
34009 3430149 0;PIROXICAM 20MG BIOGARAN GELULE;7;0;4
34009 3901270 4;PRAVASTATINE 10MG SANDOZ CPR S;0;0;5
34009 3745522 0;PRAVASTATINE 10MG ZENTIVA CPR S;0;0;1
34009 2665790 1;PRAVASTATINE 20MG ARW CPR SEC 2;0;1;0
34009 2192015 4;PRAVASTATINE 20MG BIOGARAN CPR;2;0;0
34009 2192073 4;PRAVASTATINE 40MG BIOGARAN CPR;0;0;0
34009 3006062 9;PRAVASTATINE 40MG CRIST CPR SEC;0;1;0
34009 2184576 1;PRAVASTATINE MYLA 10MG CPR PE;5;2;5
34009 2184665 2;PRAVASTATINE MYLA 40MG PLAQ/2;6;10;5
34009 2184688 1;PRAVASTATINE MYLA 40MG PLAQ/8;3;0;2
34009 2184613 3;PRAVASTATINE MYLA PESE PLAQ/2;0;2;2
34009 2184642 3;PRAVASTATINE MYLA PESE PLAQ/8;3;4;2
34009 3901382 4;PRAVASTATINE SDZ 20MG CPR BT30;1;3;0
34009 3975512 0;PRAZEPAM 10MG EG CPR SEC 40;13;0;3
34009 3533984 3;PRAZEPAM ARW 10MG CPR BT40;8;17;12
34009 3574055 7;PREDNISOL BGR 20MG CPR EFSE FL/2;0;1;1
34009 3910748 6;PREDNISOL CRIS 20MG CPR OROD PL;0;0;0
34009 3608742 2;PREDNISOLONE MYL 20MG EFSE B/;1;4;1
34009 3910346 4;PREDNISOLONE MYLA OROD PLQ/20;60;79;78
34009 3648173 2;PREDNISOLONE TEVA 5MG CPR EF30;0;1;2
34009 3651850 6;PREDNISONE MER 5MG SEC PLQ/30;16;20;24
34009 3652140 7;PREDNISONE MYL 20MG PLQ/20;3;0;3
34009 3855883 8;PREDNISONE MYLAN 1MG PLQ/30;10;6;3
34009 3652370 8;PREDNISONE SDZ 20MG CPR SEC PLQ;0;3;2
34009 3464125 1;PREDNISONE ZENT 1MG CPR PLQ/30;0;0;0
34009 3003323 4;PREGABAL BGR 300MG GEL PLQ/56;1;0;0
34009 3003291 6;PREGABAL BGR 75MG GEL PLQ/56;0;0;1
34009 3001818 7;PREGABAL MYL 100MG GEL PLQ/84;2;0;1
34009 3001820 0;PREGABAL MYL 150MG GEL PLQ/56;8;5;4
34009 3001811 8;PREGABAL MYL 25MG GEL PLQ/56;1;3;1
34009 3001824 8;PREGABAL MYL 300MG GEL PLQ/56;3;2;2
34009 3001814 9;PREGABAL MYL 50MG GEL PLQ/84;2;5;2
34009 3001816 3;PREGABAL MYL 75MG GEL PLQ/56;2;0;0
34009 3002383 9;PREGABAL ZENT 150MG GEL PLQ/56;1;0;0
34009 3014780 1;PREGABALINE ARW 75MG GELU 56;0;2;3
34009 3008722 0;PREGABALINE SDZ 100MG GELU 84;2;2;3
34009 3008718 3;PREGABALINE SDZ 25MG GELU 56;0;0;1
34009 3008719 0;PREGABALINE SDZ 25MG GELU 84;0;1;0
34009 3008725 1;PREGABALINE SDZ 300MG GELU 56;0;0;2
34009 3008721 3;PREGABALINE SDZ 75MG GELU 56;0;-3;0
34009 3581138 7;PROGESTAN 100MG CAPS MOL BT90;1;2;0
34009 3587632 4;PROGESTAN GE 200MG CAP M PLQ/;0;0;4
34009 3617899 1;PROGESTER MYL 100MG CAPM O/V 2P;2;0;0
34009 3582505 6;PROGESTERONE 200MG B/15;2;10;2
34009 3979332 0;PROGESTERONE 200MG BIOGARAN C;4;2;5
34009 3002452 2;PROGESTERONE VIA 100MG CAPS 90;0;0;0
34009 3018715 9;PROPRANOLOL 40MG ARW CPR QUAD;4;4;11
34009 3003853 6;PROPRANOLOL 40MG BIOG CPR SEC 5;8;2;6
34009 3656764 1;PROPRANOLOL EG 40MG PLQ/50;1;6;0
34009 3006448 1;QUETIAPINE AHL LP300MG CPR B60;0;0;2
34009 3004541 1;QUETIAPINE BGR LP 50MG CPR LP PL;1;0;0
34009 3023991 9;QUETIAPINE LP 50MG ARROW CPR 30;0;1;0
34009 3001031 0;QUETIAPINE LP MYLA 300MG CPR30;0;0;0
34009 3001026 6;QUETIAPINE LP MYLA 50MG CPR 30;1;0;2
34009 3004651 7;QUETIAPINE ZEN LP300MG CPR B30;0;0;1
34009 2185021 5;RABEPRAZ ARRW GE 20MG CPR GAST;0;1;0
34009 2666163 2;RABEPRAZOLE MYLA 10MG CPR BT28;0;0;1
34009 2666387 2;RABEPRAZOLE MYLA 20MG CPR BT28;10;5;1
34009 3027446 0;RACECADOTRIL 100MG VTS GELULE 2;12;26;12
34009 3019535 2;RACECADOTRIL ZEN 100MG GELU 20;0;0;10
34009 3683206 0;RAMIPRIL 1,25MG SANDOZ CPR 30;0;1;0
34009 3731075 8;RAMIPRIL 2,5MG SANDOZ CPR SEC 90;0;0;5
34009 3780777 7;RAMIPRIL BGA 10MG CPR BT90;1;0;2
34009 3725376 5;RAMIPRIL BGR 5MG CPR SEC PLQ/30;0;0;0
34009 3730058 2;RAMIPRIL MER 1,25MG PLQ/90;4;0;3
34009 3700809 9;RAMIPRIL MYL 10MG PLQ/30;4;8;11
34009 3700620 0;RAMIPRIL MYL 2,5MG PLQ/30;7;5;13
34009 3730070 4;RAMIPRIL MYL 2,5MG PLQ/90;5;2;3
34009 3700726 9;RAMIPRIL MYL 5MG PLQ/30;12;6;1
34009 3730087 2;RAMIPRIL MYL 5MG PLQ/90;0;3;0
34009 3700531 9;RAMIPRIL MYLA 1,25MG CPR 30;5;1;1
34009 3683376 0;RAMIPRIL SDZ 5MG CPR BT30;0;2;3
34009 3731081 9;RAMIPRIL SDZ 5MG CPR SEC PLQ/90;1;1;0
34009 3700577 7;RAMIPRIL VIA 1,25MG CPR FL30;0;1;0
34009 2694900 6;RAMIPRIL/HYDRO 5/12.5 MYLAN 30CPS;8;4;7
34009 3005993 7;RASAGILINE 1MG VIATRIS CPR 30;1;0;3
34009 3006006 3;RASAGILINE MYL 1MG CPR PLQ/30;0;0;0
34009 4995362 2;REPAGLIN BGR 2MG CPR SEC PLQ/90;1;0;0
34009 3997548 1;REPAGLINIDE 0.5 MG MYLAN;1;6;3
34009 3997790 4;REPAGLINIDE 2MG MYLAN 90 CP;13;11;10
34009 3997672 3;REPAGLINIDE MYLAN 1MG PLQ/90;2;7;3
34009 3997815 4;REPAGLINIDE MYLAN 2MG PLQ/270;4;0;0
34009 4927952 4;REPAGLINIDE SDZ 1MG CPR BT90;0;0;2
34009 3730041 4;RILMENIDINE MYL 1MG PLQ/90;3;7;3
34009 3608937 2;RILMENIDINE MYLA 1MG CPR 30;20;5;6
34009 3815843 4;RILMENIDINE SDZ 1MG CPR BT90;0;1;0
34009 4974615 6;RISEDRON MYL 35MG CPR PELL PLQ/4;0;0;0
34009 4974638 5;RISEDRONATE 35MG MYLAN CPR 12;1;2;0
34009 3815978 3;RISPERID BGR 1MG CPR PESE PLQ/60;3;0;0
34009 4928934 9;RISPERID EG 0,5MG CPR OROD PLQ/2;1;1;2
34009 3827987 0;RISPERIDONE MYL 1MG/ML 1FL/60;2;0;0
34009 3904742 3;RISPERIDONE MYLP1MG CPR SEC 60;0;1;1
34009 3904788 1;RISPERIDONE MYLP2MG CPR SEC 60;4;5;4
34009 3904854 3;RISPERIDONE MYLP4MG CPR SEC 30;2;2;2
34009 3790184 0;RISPERIDONE SDZ 1MG CPR BT60;2;6;2
34009 3012237 2;RITONAVIR MYL 100MG CPR PELL FL/3;0;0;2
34009 3026935 0;RIVAROXABAN 15MG VIATRIS CPR 28;11;3;4
34009 3027621 1;RIVAROXABAN 20MG VIATRIS CPR 28;30;11;12
34009 3027542 9;RIVAROXABAN SDZ 15MG CPR BT28;3;0;0
34009 3930567 7;ROPINIROLE TVS 2MG CPR BT28;0;0;0
34009 3008703 9;ROSUVAS MYL 10MG CPR PELL PLQ O;11;6;6
34009 3008704 6;ROSUVAS MYL 10MG CPR PELL PLQ O;2;1;1
34009 3008711 4;ROSUVAS MYL 20MG CPR PELL PLQ O;5;3;3
34009 3008712 1;ROSUVAS MYL 20MG CPR PELL PLQ O;1;1;1
34009 3008694 0;ROSUVAS MYL 5MG CPR PELL PLQ OP;12;3;7
34009 3008695 7;ROSUVAS MYL 5MG CPR PELL PLQ OP;6;6;2
34009 3016158 6;ROSUVASTATINE 10MG BGR CPR 90;0;0;4
34009 3007260 8;ROSUVASTATINE ARW 10MG CPR B90;0;3;0
34009 3007243 1;ROSUVASTATINE ARW 5MG CPR BT90;0;0;1
34009 3005903 6;ROSUVASTATINE SDZ 10MG CPR B90;1;2;5
34009 3005905 0;ROSUVASTATINE SDZ 20MG CPR B30;0;0;2
34009 3005897 8;ROSUVASTATINE SDZ 5MG CPR BT90;0;0;6
34009 3008707 7;ROSUVASTATINE VIA 10MG CPR F30;3;2;0
34009 3612577 3;ROXITHROMYC BGR 150MG CPR PELL;1;0;0
34009 3007734 4;RUPATADINE 10MG MYLAN CPR 30;6;0;5
34009 3021939 3;SAWIS 2MG CPR 84;1;0;0
34009 3694552 4;SERTRAL BIOGARAN 50MG GEL PLQ/2;1;0;3
34009 3745634 0;SERTRALINE 25MG BIOGARAN GELUL;0;0;6
34009 3732057 3;SERTRALINE 25MG SANDOZ GELULE;0;0;0
34009 3698018 1;SERTRALINE 50MG SUN GELULE 28;0;0;0
34009 3698225 3;SERTRALINE EVO 50MG GELU BT28;6;10;1
34009 3732465 6;SERTRALINE MYL 25MG GEL PLQ/7;16;4;18
34009 3699532 1;SERTRALINE MYL 50MG PLQ/28;3;10;9
34009 3000238 4;SEVELAMER CA MYL 800MG CPR PELL;1;1;1
34009 3017339 8;SILODOSINE 4MG MYLAN GELULE 30;11;12;4
34009 3018146 1;SILODOSINE 4MG SANDOZ GELULE 30;0;0;0
34009 3017344 2;SILODOSINE 8MG MYLAN GELULE 30;30;26;24
34009 3018148 5;SILODOSINE 8MG SANDOZ GELULE 30;3;0;0
34009 3018023 5;SILODOSINE 8MG ZENTIVA GELULE 30;0;0;0
34009 3022676 6;SIMVASTATINE 10MG MYLAN CPR 28;3;13;10
34009 3022687 2;SIMVASTATINE 20MG MYLAN CPR SEC;26;10;25
34009 3022691 9;SIMVASTATINE 20MG MYLAN CPR SEC;12;14;12
34009 3022702 2;SIMVASTATINE 40MG MYLAN CPR 28;9;6;8
34009 3022705 3;SIMVASTATINE 40MG MYLAN CPR 84;6;6;5
34009 3670250 9;SIMVASTATINE TEVA 20MG CPR 30;3;0;0
34009 3022219 5;SITAGLI/METF 50/1 000MG SDZ CPR 60;78;90;56
34009 3024824 9;SITAGLI/METF 50/1 000MG ZTV CPR 60;0;2;4
34009 3025080 8;SITAGLI/METF 50/1000MG MYL CPR60X;5;1;18
34009 3023908 7;SITAGLIPTINE 100MG BGR CPR 30;10;1;6
34009 3023923 0;SITAGLIPTINE 100MG CRISTERS CPR 3;0;0;0
34009 3023168 5;SITAGLIPTINE 100MG VTS CPR 28X1;12;10;20
34009 3025521 6;SITAGLIPTINE 50MG ARROW CPR 30;1;0;0
34009 3023159 3;SITAGLIPTINE 50MG VTS CPR 28X1;0;0;10
34009 3022453 3;SITAGLIPTINE SDZ 100MG CPR B30;20;7;7
34009 3022449 6;SITAGLIPTINE SDZ 50MG CPR BT30;6;8;0
34009 3029602 8;SITAGLIPTINE ZTK 50MG CPR BT30;0;0;1
34009 3030091 6;SITAGLIPTINE/METFORMINE 50MG/100;79;12;23
34009 2792703 4;SODIUM ALGI/BICAR SDZ BUV S.24;0;7;5
34009 3004081 2;SOLIFENAC MYL 10MG CPR PELL 30PL;8;3;8
34009 3004076 8;SOLIFENAC MYL 5MG CPR PELL 30PLQ;1;0;5
34009 3014032 1;SOLIFENACINE 10MG BGR CPR 30;0;0;0
34009 3014038 3;SOLIFENACINE 5MG BGR CPR 30;1;1;4
34009 3014881 5;SOLIFENACINE 5MG SANDOZ CPR 30;0;0;0
34009 3601510 4;SOTALOL ARRW 80MG CPR SEC PLQ/3;0;0;0
34009 3487008 8;SOTALOL MER 160MG CPR SEC B/3;0;1;0
34009 3486977 8;SOTALOL MER 80MG CPR SEC B/30;23;9;16
34009 3406955 0;SPAGULAX EFF SUSP BUV SACH/20;8;0;0
34009 3600516 7;SPAGULAX SS SUCRE 20SACH-DOSE;43;15;26
34009 3554727 9;SPIRAM/MET 1,5MUI/250MG ZTV CPR 1;5;0;1
34009 3746059 0;SPIRAMYCINE 3MUI CRISTERS CPR 10;0;0;0
34009 3671427 4;SPIRAMYCINE MRCK 1,5MUI/250MG;22;21;24
34009 3746119 1;SPIRAMYCINE MYLA3MUI CPR PEL10;2;0;0
34009 3738315 8;SPIRO ALT MYLA CPR PESE PLQ/90;1;0;0
34009 3967949 5;SPIRO ZENT 25MG CPR PESE PLQ/30;2;0;0
34009 3597872 1;SPIRON ALTI ARRW 25MG/15MG CPR 3;0;0;0
34009 3968191 7;SPIRON ARRW 25MG CPR PESE PLQ/3;3;0;0
34009 3409764 5;SPIRON MER 25MG/15MG PESE B/3;4;11;1
34009 3485050 9;SPIRONOLAC PFIZER 25MG PLQ/30;0;3;4
34009 3690229 9;SPIRONOLACT MYLAN 50MG PLQ/30;4;4;4
34009 3974240 3;SPIRONOLACTONE 25 MYLAN PLQ/30;2;8;9
34009 3961674 2;SPIRONOLACTONE 25MG SANDOZ CS;3;0;0
34009 3962774 8;SPIRONOLACTONE BGA 25MG CP B90;3;0;1
34009 3496817 4;SPIRONOLACTONE MER 75MG PELL;2;1;3
34009 3690258 9;SPIRONOLACTONE MYLA 50MG CPR90;0;0;1
34009 3974257 1;SPIRONOLACTONE MYLAN PLQ/90;0;0;0
34009 3797996 2;SUMATRIPTAN TEVA 50MG CPR PESE;1;1;4
34009 3395246 4;TAMOXIFENE 20MG MYLAN CPR 30;3;5;3
34009 4177592 5;TAMSULOS BGR 0,4MG CPR LP PLQ O;0;0;0
34009 4177215 3;TAMSULOSINE LP 0,4MG MYLAN CPR 3;8;8;0
34009 3011196 3;TAMSULOSINE LP 0,4MG ZTV GELULE;3;0;0
34009 3707680 7;TAMSULOSINE MYL GEL PLQ/30;54;30;39
34009 3718643 8;TAMSULOSINE SAND LP0MG4 GELU30;1;0;0
34009 2740020 9;TANGANIL GE 500MG CPR BT 30;41;38;72
34009 2191398 9;TELMIS MYL 80MG CPR PLQ/90;2;0;0
34009 2753471 3;TELMIS/HYD ARRW 40MG/12,5MG CPR;0;0;0
34009 2747186 5;TELMIS/HYD MYL PH 80MG/12,5MG CP;0;0;0
34009 2747134 6;TELMISAR H MYLP80/12MG5 CPR 30;1;1;9
34009 3022274 4;TELMISAR/AML.ARW 80/10MG CPR90;0;0;1
34009 2191197 8;TELMISARTAN MYLA 40MG CPR 30;1;1;3
34009 2191352 1;TELMISARTAN MYLA 80MG CPR 30;0;1;1
34009 3021021 5;TELMISARTAN/AML 80/10MG ARW CPR;0;1;1
34009 3021019 2;TELMISARTAN/AML 80/5MG ARW CPR;0;0;0
34009 2747393 7;TELMISARTAN/HYD 80/25MG MYL CPR;2;0;0
34009 3009333 7;TENOFOV DISO TEVA 245MG CPR PEL;1;0;0
34009 3009628 4;TENOFOVIR DIS.ARW 245MG CP B30;0;2;1
34009 3008501 1;TENOFOVIR DIS.SDZ 245MG CP F30;0;1;1
34009 3621369 2;TERAZOSINE 5MG BIOGARAN CPR 28;0;0;3
34009 2195924 6;TERBINAFINE ARW 250MG CPR28;3;0;0
34009 3638714 0;TERBINAFINE MYL 250MG PLQ/28;5;7;13
34009 3870983 4;TERBINAFINE MYLAN 1% CR T/15G;4;10;9
34009 2688733 9;TERBUTAL MYL 5MG/2ML S INH NE 50U;6;10;15
34009 3001387 8;THYROFIX 100MCG CPR BT100;0;0;0
34009 3020054 4;THYROFIX 125MCG CPR 100;0;0;0
34009 3001375 5;THYROFIX 50AG CPR PLQ/30;0;1;0
34009 3001384 7;THYROFIX GE 100AG CPR PLQ/30;1;1;0
34009 3001364 9;THYROFIX GE 25AG CPR PLQ/30;0;0;0
34009 3021919 5;TICAGRELOR 90MG VIATRIS CPR 60;5;7;0
34009 3021917 1;TICAGRELOR SDZ 90MG CPR BT60;0;0;3
34009 3412737 3;TIMOLOL 0,50% NOVARTIS COL 5ML;0;0;0
34009 2243882 5;TIMOLOL 0,50% SANDOZ COL 5ML;0;1;1
34009 2243876 4;TIMOLOL SDZ 0,25% COLLYR S FL/5ML;31;27;25
34009 3016856 1;TIXOCORTOL BGR SUSP NAS PULV 10;0;0;0
34009 3020850 2;TIXOCORTOL VTS SUSP NAS PULV 10;1;0;0
34009 3016857 8;TIXOCORTOL ZTV SUSP NAS PULV 10;0;0;89
34009 3533406 0;TOBRABACT 0,3% COL FL 5ML;0;0;0
34009 3474827 1;TOLEXINE GE 100MG CPR MGR B/2;4;2;1
34009 3396530 3;TOLEXINE GE 50MG CPR MGR B/28;4;1;1
34009 3497633 9;TRAMA MYL 50MG GEL FL/30;8;8;8
34009 2209595 0;TRAMA/PARA MYL GE 37,5MG/325MG C;47;42;17
34009 3587715 4;TRAMADOL ARW 50MG CPR BT30;0;0;0
34009 3821298 3;TRAMADOL LP 100MG MYLAN CPR 30;8;4;0
34009 3028771 2;TRAMADOL VIA LP 100MG CPR BT BT 3;0;8;7
34009 3822553 2;TRAMADOL VIATRIS LP 200MG CPR 30;2;0;0
34009 3029758 2;TRAMADOL/PAR.VIA 37,5/325 BT20;0;0;34
34009 3010521 4;TRAVOP/TIMOL BGR 40AG/ML+5MG/ML;0;6;0
34009 3010517 7;TRAVOP/TIMOL MYL 40AG/ML+5MG/ML;0;4;2
34009 3013973 8;TRAVOPROST 40MCG/ML BGR COL2,5;10;3;3
34009 3021832 7;TRAVOPROST 40MCG/ML MYL COL2,5;0;0;0
34009 3728558 2;TRIMEBUTINE 200MG EG CPR 30;2;9;0
34009 3918460 9;TRIMEBUTINE 200MG SANDOZ CPR 30;18;14;6
34009 3473118 1;TRIMEBUTINE MER 100MG CPR B/3;15;16;12
34009 3591958 8;TRIMEBUTINE MYL 200MG PLQ/30;21;13;31
34009 4912910 2;TRIMEBUTINE ZYD 200MG CPR BT30;0;0;15
34009 3017209 4;ULIPRISTAL ACETATE 30MG EXELT CP;3;9;6
34009 3017106 6;ULIPRISTAL ACETATE 30MG MYL CPR;7;3;0
34009 3028132 1;URAPIDIL 30MG BIOGARAN LP GEL 30;1;0;1
34009 3020297 5;URAPIDIL 30MG VIATRIS LP GELULE 30;0;0;0
34009 3020313 2;URAPIDIL 60MG ARROW LP GEL 30 FL;2;0;0
34009 3020301 9;URAPIDIL 60MG VIATRIS LP GELULE 30;9;9;9
34009 3980915 1;VALACICLOVIR 500MG 42 CP MYLAN;3;9;4
34009 3980921 2;VALACICLOVIR MYLA500MG CPR 112;0;0;0
34009 3980890 1;VALACICLOVIR MYLAN 500MG PLQ/;4;10;5
34009 4946085 4;VALACICLOVIR ZYD 500MG CPR 112;0;0;0
34009 4946027 4;VALACICLOVIR ZYD 500MG CPR B10;0;0;0
34009 3696628 4;VALPROATE SOD LP 500MG TEV CPR;1;1;0
34009 4931221 4;VALSART ZENT 160MG CPR PESE PLQ;1;0;0
34009 4915802 7;VALSART/HYD SDZ 160MG/12,5MG CP;1;-1;0
34009 4932806 2;VALSARTAN 80MG SDZ CPR 90;0;3;0
34009 2660290 1;VALSARTAN HYD MYLP 80/12MG5 30;2;1;0
34009 2660338 0;VALSARTAN HYD MYLP 80/12MG5 90;0;3;0
34009 2660410 3;VALSARTAN HYD MYLP160/12MG5 30;3;3;8
34009 2660462 2;VALSARTAN HYD MYLP160/12MG5 90;2;0;0
34009 2660545 2;VALSARTAN HYD MYLP160/25MG 30;1;3;0
34009 2660580 3;VALSARTAN HYD MYLP160/25MG 90;3;0;2
34009 2236729 3;VALSARTAN MYLP 160MG CPR BT 30;2;2;2
34009 2236741 5;VALSARTAN MYLP 160MG CPR BT 90;0;1;0
34009 2236451 3;VALSARTAN MYLP 40MG CPR BT 30;3;4;2
34009 2236474 2;VALSARTAN MYLP 40MG CPR BT 90;2;2;0
34009 2236540 4;VALSARTAN MYLP 80MG CPR BT 30;5;1;4
34009 2236652 4;VALSARTAN MYLP 80MG CPR BT 90;2;0;2
34009 4933237 3;VALSARTAN SAND 160MG CPR BT 30;1;1;1
34009 3872858 3;VENLAFAX BGR LP 75MG GEL LP PLQ/;12;5;1
34009 3875710 1;VENLAFAX SDZ LP 75MG GEL LP PLQ/3;1;10;10
34009 3009151 7;VENLAFAXINE ARG LP75MG GELU 30;2;1;0
34009 3872189 8;VENLAFAXINE BGA LP37,5 GEL B30;4;0;1
34009 3011584 8;VENLAFAXINE EGL LP37,5 GELU 30;0;0;4
34009 3009135 7;VENLAFAXINE LP 37,5MG ARW GELUL;0;0;0
34009 3875644 9;VENLAFAXINE LP 75MG CRIST GELULE;0;1;0
34009 3884152 7;VENLAFAXINE MYL 37,5MG GEL;1;5;3
34009 3884258 6;VENLAFAXINE MYL 75MG GEL PLQ/;0;0;1
34009 3819901 7;VENLAFAXINE ZEN LP37,5 GELU 30;0;0;0
34009 3878341 4;VENLAFAXINE ZYD LP37,5 GELU 30;3;12;7
34009 3017252 0;VERAPAMIL 120MG MYLAN GELULE 30;0;0;0
34009 3015682 7;VERAPAMIL LP 240MG MYLAN CPR SE;3;3;4
34009 3017253 7;VERAPAMIL VIA 120MG GELU B90DU;2;0;0
34009 3024764 8;VILDAGLI/METF 50/1 000MG VTS CPR6;3;11;6
34009 3023481 5;VILDAGLIPTINE 50MG VIATRIS CPR 60;6;8;5
34009 4975193 8;ZOLMITRIP ARRW 2,5MG CPR PELL PL;0;3;0
34009 2198265 7;ZOLMITRIPTAN 2,5MG MYL CPR 12;0;0;0
34009 2245384 2;ZOLMITRIPTAN CRIS2MG5 ORODIS12;1;2;3
34009 4975307 9;ZOLMITRIPTAN TVS 2,5MG C.DIS12;0;0;2
34009 3645051 6;ZOLPIDEM MYL CPR PESE PLQ/14;11;6;6
34009 3015281 2;ZOPICLONE 3,75MG ARROW CPR 14;13;8;13
34009 3528635 2;ZOPICLONE 7,5MG BIOGARAN CPR SE;11;4;0
34009 3488746 8;ZOPICLONE MYL CPR PESE B/14;56;84;58